{
  "@/css/ie8-theme-srv.css": {
    "hashes": {
      "sha256": "DFe+Di8X7iFPUo7UMeFITpJjqQKtaZSxfjQI5+Z9wIg=",
      "sha512": "WBtwvrdf4NYp3H1FxEGqBnuIgmX8byhBMho5KRxv8boKAGfSqlRcgX3/6XVoGAeVJ4HeDDY4gTbnCPcgVjMGDw=="
    },
    "integrity": "sha256-DFe+Di8X7iFPUo7UMeFITpJjqQKtaZSxfjQI5+Z9wIg= sha512-WBtwvrdf4NYp3H1FxEGqBnuIgmX8byhBMho5KRxv8boKAGfSqlRcgX3/6XVoGAeVJ4HeDDY4gTbnCPcgVjMGDw==",
    "path": "/css/ie8-theme-srv.css"
  },
  "@/css/ie8-theme-srv.min.css": {
    "hashes": {
      "sha256": "83cCaZe7xYiXR/UXQjm/99/bNVkDCxrgkidrFgzJkJI=",
      "sha512": "KKvWKp0q0QpgN31O0IvkaNfY11ZEFkJF2ELBEBp2u8U6pJRq4XO6h9UJ9GtFaDiCGuOJY0U0BKp9pps85G3t0Q=="
    },
    "integrity": "sha256-83cCaZe7xYiXR/UXQjm/99/bNVkDCxrgkidrFgzJkJI= sha512-KKvWKp0q0QpgN31O0IvkaNfY11ZEFkJF2ELBEBp2u8U6pJRq4XO6h9UJ9GtFaDiCGuOJY0U0BKp9pps85G3t0Q==",
    "path": "/css/ie8-theme-srv.min.css"
  },
  "@/css/ie8-theme.css": {
    "hashes": {
      "sha256": "Dl60FItr9pqsoJlb3zR3ZwrHazqwIlI/6iR8ILsETfQ=",
      "sha512": "tYe3yMatZJZ4vgD+es5kw7GhokanBQBUo5dLrqQDOqMChYbHZtnluKRzoDakN722I4JQObE3E6Xyl8/MCx/9fg=="
    },
    "integrity": "sha256-Dl60FItr9pqsoJlb3zR3ZwrHazqwIlI/6iR8ILsETfQ= sha512-tYe3yMatZJZ4vgD+es5kw7GhokanBQBUo5dLrqQDOqMChYbHZtnluKRzoDakN722I4JQObE3E6Xyl8/MCx/9fg==",
    "path": "/css/ie8-theme.css"
  },
  "@/css/ie8-theme.min.css": {
    "hashes": {
      "sha256": "XZHuVrjkGzxzN6zw7hCK2VUwBbDj6ao5/fCbojPemrU=",
      "sha512": "lWvGSAPK0i7V4KUcw8sL8SbZAPSHKPuWQ2tHQr19WZJrCL2c0PVk15SvQL3CJs4lfMPDNKfsTSIqI7Csl2de2Q=="
    },
    "integrity": "sha256-XZHuVrjkGzxzN6zw7hCK2VUwBbDj6ao5/fCbojPemrU= sha512-lWvGSAPK0i7V4KUcw8sL8SbZAPSHKPuWQ2tHQr19WZJrCL2c0PVk15SvQL3CJs4lfMPDNKfsTSIqI7Csl2de2Q==",
    "path": "/css/ie8-theme.min.css"
  },
  "@/css/ie8-wet-boew.css": {
    "hashes": {
      "sha256": "/jTLNYZisLbWFX5Xc9E5YzcyoLsohy0b1KK788D2iBI=",
      "sha512": "hXrncEXoF+gtJ+/Ae9YzjTG7cnERTwOSs2bijUMimykEPliOUjBDclRKnRgbfc9t/Aw3DF1FD08Zeh5wruJ6tA=="
    },
    "integrity": "sha256-/jTLNYZisLbWFX5Xc9E5YzcyoLsohy0b1KK788D2iBI= sha512-hXrncEXoF+gtJ+/Ae9YzjTG7cnERTwOSs2bijUMimykEPliOUjBDclRKnRgbfc9t/Aw3DF1FD08Zeh5wruJ6tA==",
    "path": "/css/ie8-wet-boew.css"
  },
  "@/css/ie8-wet-boew.min.css": {
    "hashes": {
      "sha256": "lLK8pVFCMxTh69mcjaU779HjNNOA9MHlhnJGIs0ClrU=",
      "sha512": "vcrdDS6wI8P1LOq/135dfeDJQOhYpZKNaU8VLM66gDgnc4/g+Nh6JwwkhDLAvOVtAwhyYLlOQGl7VcS7vvLQmg=="
    },
    "integrity": "sha256-lLK8pVFCMxTh69mcjaU779HjNNOA9MHlhnJGIs0ClrU= sha512-vcrdDS6wI8P1LOq/135dfeDJQOhYpZKNaU8VLM66gDgnc4/g+Nh6JwwkhDLAvOVtAwhyYLlOQGl7VcS7vvLQmg==",
    "path": "/css/ie8-wet-boew.min.css"
  },
  "@/css/messages-ie.css": {
    "hashes": {
      "sha256": "lkxPGD2QzEk+KT0MWnIcT325lUvkOPTyrugRZEgxq8c=",
      "sha512": "qup5A1q1BlhaS061FFiFKQT/eZCETwaqSdTd5Fkst6Zy1JKCEswmaR6nzIb+e+m36yZzgsUByveGtD24qsEQDg=="
    },
    "integrity": "sha256-lkxPGD2QzEk+KT0MWnIcT325lUvkOPTyrugRZEgxq8c= sha512-qup5A1q1BlhaS061FFiFKQT/eZCETwaqSdTd5Fkst6Zy1JKCEswmaR6nzIb+e+m36yZzgsUByveGtD24qsEQDg==",
    "path": "/css/messages-ie.css"
  },
  "@/css/messages-ie.min.css": {
    "hashes": {
      "sha256": "AZG219j4Ic9954QoNUfNBNnK8RfT3WlrHsXuquHe9Ew=",
      "sha512": "WkyBu/wNs2tnbyM2nvnfDJQjW8DrsNrWwZwZ5Pwt3OjdFGG5e29/QOLifre1NDzUiRgKlogtrAshFxKH7Nw5lw=="
    },
    "integrity": "sha256-AZG219j4Ic9954QoNUfNBNnK8RfT3WlrHsXuquHe9Ew= sha512-WkyBu/wNs2tnbyM2nvnfDJQjW8DrsNrWwZwZ5Pwt3OjdFGG5e29/QOLifre1NDzUiRgKlogtrAshFxKH7Nw5lw==",
    "path": "/css/messages-ie.min.css"
  },
  "@/css/messages.css": {
    "hashes": {
      "sha256": "M76+Uzu3z/ALyMIfLw5hFLC8upWD0PuCOoNwQWOPCKE=",
      "sha512": "AHe980ROVvJGVKePTfcXwS7yZ4kEeDvzTHw+k7A8v1YgPCPNWz56NTdXyv9MzBcdEoQ/1boxIDahpoXtDKaf6g=="
    },
    "integrity": "sha256-M76+Uzu3z/ALyMIfLw5hFLC8upWD0PuCOoNwQWOPCKE= sha512-AHe980ROVvJGVKePTfcXwS7yZ4kEeDvzTHw+k7A8v1YgPCPNWz56NTdXyv9MzBcdEoQ/1boxIDahpoXtDKaf6g==",
    "path": "/css/messages.css"
  },
  "@/css/messages.min.css": {
    "hashes": {
      "sha256": "91p1H6mC0zPF24j5H0yvtE8RBINKPSQUUXId0c8RzfA=",
      "sha512": "O7ElsR2BAWxNN2r6xI43zY0PfeCYOAexHoxaHMsk57q3keXVrmcn7o0BFetlpVgU82ak3cvZX7beumNfpgxwIw=="
    },
    "integrity": "sha256-91p1H6mC0zPF24j5H0yvtE8RBINKPSQUUXId0c8RzfA= sha512-O7ElsR2BAWxNN2r6xI43zY0PfeCYOAexHoxaHMsk57q3keXVrmcn7o0BFetlpVgU82ak3cvZX7beumNfpgxwIw==",
    "path": "/css/messages.min.css"
  },
  "@/css/small-component.css": {
    "hashes": {
      "sha256": "Mj4NoT5FpOX0jSYOVzEtDnMBvmnP4vGrUcjIMBWr6K0=",
      "sha512": "TwfbG13tG4KBgkuE2HRSyNGJhbOhxOZsJY4CYPmmJbvvwVGIefwwyj0Un4QXtEjd+AQHFdOGSqqJTCct1LTRnA=="
    },
    "integrity": "sha256-Mj4NoT5FpOX0jSYOVzEtDnMBvmnP4vGrUcjIMBWr6K0= sha512-TwfbG13tG4KBgkuE2HRSyNGJhbOhxOZsJY4CYPmmJbvvwVGIefwwyj0Un4QXtEjd+AQHFdOGSqqJTCct1LTRnA==",
    "path": "/css/small-component.css"
  },
  "@/css/small-component.min.css": {
    "hashes": {
      "sha256": "PLD0cRAsQTHJ9Tv+MPD9alUqR62Vxw7/CLO+84CF2WY=",
      "sha512": "PjGm7T1ycP+RTiYQuEDODtExqxb9VzS9VGEjXk5gzkZBdY3BzXGaRnLbD21WkIFaPlXKufBThTUpu+dovpiZAw=="
    },
    "integrity": "sha256-PLD0cRAsQTHJ9Tv+MPD9alUqR62Vxw7/CLO+84CF2WY= sha512-PjGm7T1ycP+RTiYQuEDODtExqxb9VzS9VGEjXk5gzkZBdY3BzXGaRnLbD21WkIFaPlXKufBThTUpu+dovpiZAw==",
    "path": "/css/small-component.min.css"
  },
  "@/css/theme-srv.css": {
    "hashes": {
      "sha256": "1T85k54a2zFfig8rz4IG3OYGMnQ5XCX+d6QchEayxC0=",
      "sha512": "vzt6uJU2Uoqs7IwBBjt+oIg5F/RlAyZ/toxbZhsHFM2NRjnmHRc2429NoBdp+w9xyjigOhosZTeuDYt/8vlutg=="
    },
    "integrity": "sha256-1T85k54a2zFfig8rz4IG3OYGMnQ5XCX+d6QchEayxC0= sha512-vzt6uJU2Uoqs7IwBBjt+oIg5F/RlAyZ/toxbZhsHFM2NRjnmHRc2429NoBdp+w9xyjigOhosZTeuDYt/8vlutg==",
    "path": "/css/theme-srv.css"
  },
  "@/css/theme-srv.min.css": {
    "hashes": {
      "sha256": "Px9KJ79j4IWrPHk8u1jexhyS90Phs8UII8G9ndDIiVE=",
      "sha512": "OnaHaYU6eRG9isDjopkkVfxYM4YSSHNrf0X5KqiZqHSyupdAFPtN2Cqsm3V1s4RyQDwHiDqpAOw+zqo3HBBhtA=="
    },
    "integrity": "sha256-Px9KJ79j4IWrPHk8u1jexhyS90Phs8UII8G9ndDIiVE= sha512-OnaHaYU6eRG9isDjopkkVfxYM4YSSHNrf0X5KqiZqHSyupdAFPtN2Cqsm3V1s4RyQDwHiDqpAOw+zqo3HBBhtA==",
    "path": "/css/theme-srv.min.css"
  },
  "@/css/theme.css": {
    "hashes": {
      "sha256": "JmwKkupQVcxyAKKO2/9VXu1jKesKOHHJUyGy3vg1qOw=",
      "sha512": "4YlK9o3DC8sw+iT17WrHzj+1usNvjiv8aaTt64IWw+WAelpG+aS4Df7jqt8cpU6DP4TcKfX3ENUA6SER8WAv0Q=="
    },
    "integrity": "sha256-JmwKkupQVcxyAKKO2/9VXu1jKesKOHHJUyGy3vg1qOw= sha512-4YlK9o3DC8sw+iT17WrHzj+1usNvjiv8aaTt64IWw+WAelpG+aS4Df7jqt8cpU6DP4TcKfX3ENUA6SER8WAv0Q==",
    "path": "/css/theme.css"
  },
  "@/css/theme.min.css": {
    "hashes": {
      "sha256": "IG76rYvs1yP309t/uhHHwKj8vpd0Gg/iLOKcUL+9/ps=",
      "sha512": "yaJbGJFbT724tTsefgyFQcv89MrCSUOs8ijZoGvI/sQmfzl8slalozhdFGJwK1TPGjnFm9Q/ABNuKlDnNrhdcQ=="
    },
    "integrity": "sha256-IG76rYvs1yP309t/uhHHwKj8vpd0Gg/iLOKcUL+9/ps= sha512-yaJbGJFbT724tTsefgyFQcv89MrCSUOs8ijZoGvI/sQmfzl8slalozhdFGJwK1TPGjnFm9Q/ABNuKlDnNrhdcQ==",
    "path": "/css/theme.min.css"
  },
  "@/css/wet-boew-overrides.css": {
    "hashes": {
      "sha256": "KN0dUwyTQenU6D3uDqcIJSLLMlH6pVp+mpwAn9XKF1Q=",
      "sha512": "jiqXyS5+WPIDbk8h0w3GPfEAHmLzYEv5jks42zHuEKUIskAnh5AADMt+yjd+6hfNdeTHdUOf6y31JCsc0KxvVA=="
    },
    "integrity": "sha256-KN0dUwyTQenU6D3uDqcIJSLLMlH6pVp+mpwAn9XKF1Q= sha512-jiqXyS5+WPIDbk8h0w3GPfEAHmLzYEv5jks42zHuEKUIskAnh5AADMt+yjd+6hfNdeTHdUOf6y31JCsc0KxvVA==",
    "path": "/css/wet-boew-overrides.css"
  },
  "@/css/wet-boew-overrides.min.css": {
    "hashes": {
      "sha256": "DFqh/CX60X8c62hn48h8DG98xRk844lXG3RDAkldZWU=",
      "sha512": "X/5GoLP2FM5mF1wC8iKdykKeQc+qsID36BqkglLerIZdKG/L7Ug+7vgDJpb3WTdTkJTsFnI4A7jqCbKXFNNFKQ=="
    },
    "integrity": "sha256-DFqh/CX60X8c62hn48h8DG98xRk844lXG3RDAkldZWU= sha512-X/5GoLP2FM5mF1wC8iKdykKeQc+qsID36BqkglLerIZdKG/L7Ug+7vgDJpb3WTdTkJTsFnI4A7jqCbKXFNNFKQ==",
    "path": "/css/wet-boew-overrides.min.css"
  },
  "@/css/wet-boew.css": {
    "hashes": {
      "sha256": "/jTLNYZisLbWFX5Xc9E5YzcyoLsohy0b1KK788D2iBI=",
      "sha512": "hXrncEXoF+gtJ+/Ae9YzjTG7cnERTwOSs2bijUMimykEPliOUjBDclRKnRgbfc9t/Aw3DF1FD08Zeh5wruJ6tA=="
    },
    "integrity": "sha256-/jTLNYZisLbWFX5Xc9E5YzcyoLsohy0b1KK788D2iBI= sha512-hXrncEXoF+gtJ+/Ae9YzjTG7cnERTwOSs2bijUMimykEPliOUjBDclRKnRgbfc9t/Aw3DF1FD08Zeh5wruJ6tA==",
    "path": "/css/wet-boew.css"
  },
  "@/css/wet-boew.min.css": {
    "hashes": {
      "sha256": "gCqdZKwAf2/5ZxK5YfZq9ZLoCZCjGfmBnt1VmETYKUU=",
      "sha512": "BAGZ16kJ0jaeMNsNHafTdg53ltvSKaRsuWBrVRk+TcKefyv3U1Ju+zFlV6hyIdJ10DgoJ7QRl3pqEe/TuUQRUw=="
    },
    "integrity": "sha256-gCqdZKwAf2/5ZxK5YfZq9ZLoCZCjGfmBnt1VmETYKUU= sha512-BAGZ16kJ0jaeMNsNHafTdg53ltvSKaRsuWBrVRk+TcKefyv3U1Ju+zFlV6hyIdJ10DgoJ7QRl3pqEe/TuUQRUw==",
    "path": "/css/wet-boew.min.css"
  },
  "@/js/theme.js": {
    "hashes": {
      "sha256": "DbecF+XsvMm0Uee7vfBtRsMSvYKO5FHBlnbVH3W1rbo=",
      "sha512": "4aIX8ZnGAKG4mxHRXmTh0Ejj33CtYQGWHQGfiTkQ/7f/qf2kTiIeDLxRL3tti+S6LsmKZEsTLnbsLmRB6HNs6A=="
    },
    "integrity": "sha256-DbecF+XsvMm0Uee7vfBtRsMSvYKO5FHBlnbVH3W1rbo= sha512-4aIX8ZnGAKG4mxHRXmTh0Ejj33CtYQGWHQGfiTkQ/7f/qf2kTiIeDLxRL3tti+S6LsmKZEsTLnbsLmRB6HNs6A==",
    "path": "/js/theme.js"
  },
  "@/js/theme.min.js": {
    "hashes": {
      "sha256": "5irG46HNKrumCsQzfqu+oBAC29z5yn8dtH5Loq7jn8E=",
      "sha512": "NTcJKF1Pf4miscof5/xTGCjNoe5rcTVxBwBWgENtF3PikxSC/j5O64kC5zCxSDm2IXHtUs/T4O4Royjk1FNELw=="
    },
    "integrity": "sha256-5irG46HNKrumCsQzfqu+oBAC29z5yn8dtH5Loq7jn8E= sha512-NTcJKF1Pf4miscof5/xTGCjNoe5rcTVxBwBWgENtF3PikxSC/j5O64kC5zCxSDm2IXHtUs/T4O4Royjk1FNELw==",
    "path": "/js/theme.min.js"
  }
}